Sender, Recipient, Date
~Sam Houston,J. Pinckney Henderson, December 31, 1836 51 
~James Webb,Alc6e La Branche, May 27, 1839 52 
~David G. Burnet,Richard G. Dunlap, June 3, 1839 53 
~Nathaniel Amory,Richard G. Dunlap, July 24, 1839 53 
~David G. Burnet,Richard G. Dunlap, August 19, 1839 54 
~T. Dunlap,Richard G. Dunlap, September 28, 1839 56 
~Nathaniel Amory,Richard G. Dunlap, October 25, 1839 56 
~John Emberson,Albert Sidney Johnston, September 2, 1839 (extract) 57 
~David G. Burnet,Alc6e La Branche, November 29, 1839 57 
~David G. Burnet,Alc6e La Branche, December 3, 1839 59 
~David G. Burnet,Alc^ La Branche, December 7, 1839 59 
~William Scurlock,David G. Burnet, November 30, 1839 60 
~William M. Williams,David G. Burnet, November 30, 1839 60 
~D. Rowlett,David G. Bumet, undated 61 
~David G. Bumet,Alc6e La Branche, December 16, 1839 61 
~David G. Bumet,Alc^ La Branche, December 17, 1839 63 
~David G. Bumet,Alc^e La Branche, December 20, 1839 63 
~D. Rowlett,David G. Bumet, January 5, 1840 64 
~David G. Bumet,Richard G. Dunlap, January 20, 1840 65 
~Abner S. Lipscomb,Alc^ La Branche, April 1, 1840 67 
~Abner S. Lipscomb,James Hamilton and A. T. Bumley, AugUHt 15, 
~Joseph Waplee,Barnard E. Bee, September 19, 1840 71 
~Abner S. Lipscomb,Geo. H. Flood, December 13, 1840 72 
~Joseph Waplee,Nathaniel Amory, January 5, 1841 72 
~Joseph Waples,Geo. H. Flood, January 28, 1841 73 
~Joseph Waplee,Geo. H. Flood, February 2, 1841 73 
~Joseph Waples,Geo. H. Flood, February 3, 1841 74 
~James S. Mayfield,Geo. H. Flood, February 12, 1841 74 
~James S. Mayfield,Barnard E. Bee, February 17, 1841 75 
~James S. Mayfield,Barnard E. Bee, March 22, 1841 77 
~Geo. H. Flood,Jamee S. Mayfield, March 25, 1841 79 
~James S. Mayfield,Geo. H. Flood, March 29, 1841 80 
~Geo. H. Flood,James S. Mayfield, March 31, 1841 81 
~James S. Mayfield,Barnard E. Bee, April 20, 1841 82 
~James S. Mayfield,Nathaniel Amory, April 24, 1841 86 
~Samuel A. Roberta,Barnard E. Bee, June 21, 1841 87 
~Samuel A. Roberts,Barnard E. Bee, July 8, 1841 93 
~Samuel A. Roberta,Joseph Eve, August 11, 1841 94 
~Samuel A. Roberta,Joseph Eve, August 17, 1841 94 
~Samuel A. Roberts,Barnard E. Bee, September 7, 1841 96 
~Sam Houston,Joseph Eve, July 30, 1842 100 
~Sam Houston,A. B. Roman, September 12, 1842 101 
~Sam Houston,A. B. Roman, October 29, 1842 101 
~Isaac Van Zandt,Anson Jones, January 11, 1843 103 
~Joseph Eve,Anson Jones, January 11, 1843 (extract) 106 
~Isaac Van Zandt,Anson Jones, January 20, 1843 107 
~J. C. Spencer,Isaac Van Zandt, January 17, 1843 107 
~T. Hartley Crawford,Wm. Armstrong, January 12, 1843 107 
~R. Jones,W. Davenport and G. Loomis, January 13, 1843 108 
~Isaac Van Zandt,Anson Jones, January 25, 1843 115 
~Joseph Eve,Anson Jones, January 26, 1843 118 
~M. E. Hale,Joseph Eve, December 27, 1842 119 
~Anson Jones,Isaac Van Zandt, January 31, 1843 ^ 121 
~Anson Jones,Joseph Eve, February 5, 1843 122 
~Anson Jones,Isaac Van Zandt, February 10, 1843 123 
~Wm. Henry Daingerfield,Anson Jones, February 14, 1843 124 
~Anson Jones,Isaac Van Zandt, February 16, 1843 125 
~Sam Houston,Joseph Eve, February 17, 1843 (extract) , 128 
~Joseph Eve,Joseph Waples, February 27, 1843 128 
~Copy and sunmiary of instructions United States Department of State to 
~Joseph Eve as charg^ to Texaa, June 15, 1841 129 
~Wm. Henry Daingerfield,Anson Jones, March 10, 1843 130 
~Joseph Eve,Anson Jones, March 13, 1843 131 
~Isaac Van Zandt,Anson Jones, March 13, 1843 132 
~' Daniel Webster,Isaac Van Zandt, March 11, 1843 138 
~Isaac Van Zandt,William S. Archer, January 10, 1843 ^ . . . 139 
~Isaac Van Zandt,Anson Jones, April 5, 1843 149 
~Isaac Van Zandt,Daniel Webster, March 23, 1843 152 
~Joseph Eve,Anson Jones, April 13, 1843 163 
~Isaac Van Zandt,Anson Jones, April 19, 1843 164 
~Isaac Van Zandt,Anson Jones, April 21, 1843 168 
~Anson Jones,Joseph Eve, April 22, 1843 170 
~Joseph Eve,Anson Jones, April 28, 1843 171 
~ReubenM. Potter,A. M. Green, March 10, 1843 172 
~A. M. Green,Joseph Eve, March 17, 1843 172 
~Isaac Van Zandt,Anson Jones, May 3, 1843 173 
~Sam Houston,Joseph Eve, May 6, 1843 174 
~Anson Jones,Isaac Van Zandt, May 8, 1843 175 
~Anson Jones,Isaac Van Zandt, May 9, 1843 177 
~Joseph W. Robertson,Anson Jones, April 20, 1843 177 
~Chas. H. Raymond,Anson Jones, May 12, 1843 178 
~Anson Jones,Joseph Eve, May 16, 1843 179 
~Anson Jones,Joseph Eve, May 17, 1843 180 
~Anson Jones,Isaac Van Zandt, June 1, 1843 181 
~Jesse Benton,Anson Jones, May 1, 1843 182 
~Isaac Van Zandt,Anson Jones, June 5, 1843 186 
~Petition of Joseph Cooper,the Texan minister 187 
~Anson Jones,Isaac Van Zandt, June 8, 1843 189 
~Joseph Eve,President of Texas [Houston], June 10, 1843 190 
~Anson Jonee,Isaac Van Zandt, June 15, 1843 192 
~Isaac Van Zandt,Anson Jones, June 29, 1843 192 
~Anson Jones,Isaac Van Zandt, July 6, 1843 195 
~Anson Jones,Isaac Van Zandt, July 7, 1843 196 
~Isaac Van Zandt,Anson Jones, August 10, 1843 197 
~Isaac Van Zandt,Anson Jones, August 15, 1843 201 
~J. M. Porter,H. S. Legar^, May 11, 1843 203 
~William Armstrong,T. H. Crawford, April 10, 1843 203 
~William Armstrong,T. H. Crawford 203 
~Chas. H. Raymond,Anson Jones, August 20, 1843 204 
~Isaac Van Zandt,Anson Jones, August 31, 1843 205 
~Isaac Van Zandt,Anson Jones, September 18, 1843 207 
~Isaac Van Zandt,Anson Jones, September 18, 1843 211 
~Anson Jones,Isaac Van Zandt, September 29, 1843 212 
~M. C. Hamilton,Jacob Snively, February 16, 1843 217 
~Jacob Snively,Geo. W. HUl, July 9, 1843 218 
~Isaac Van Zandt,Anson Jones, October 16, 1843 221 
~Isaac Van Zandt,Anson Jones, November 4, 1843 224 
~Isaac Van Zandt,Anson Jones, November 30, 1843 228 
~W. S. Murphy,Anson Jones, December 1, 1843 230 
~Anson Jones,Isaac Van Zandt, December 13, 1843 232 
~W. S. Murphy,Anson Jones, December 24, 1843 236 
~Isaac Van Zandt,Anson Jones, January 2, 1844 236 
~Isaac Van Zandt,Anson Jones, January 20, 1844 239 
~A. P. Upshur,Isaac Van Zandt, January 16, 1844 244 
~Anson Jonee,Isaac Van Zandt, January 27, 1844 248 
~Anson Jones,J. Pinckney Henderson, February 15, 1844 252 
~Anson Jones,W. S. Murphy, February 16, 1844 253 
~Isaac Van Zandt,Anson Jones, February 22, 1844 254 
~J. H. Brewer,Isaac Van Zandt, January 31, 1844 (extract) 256 
~Isaac Van Zandt,A. P. Upshur, February 21, 1844 258 
~Anson Jones,Isaac Van 2iandt, February 24, 1844 259 
~Anson Jones,Henderson and Van Zandt, February 25, 1844 259 
~Isaac Van Zandt,Anson Jones, March 5, 1844 261 
~Isaac Van Zandt,Anson Jones, March 20, 1844 263 
~Isaac Van Zandt,Anson Jones, March 22, 1844 264 
~Isaac Van Zandt,Anson Jones, March 25, 1844 264 
~Anson Jones,Isaac Van Zandt, March 26, 1844 265 
~Anson Jones,Isaac Van Zandt, April 6, 1844 267 
~Anson Jones,Isaac Van Zandt, April 12, 1844 268 
~Van Zandt and Henderson,Anson Jones, April 12, 1844 269 
~Sam Houston,Henderson and Van Zandt, April 16, 1844 (extract) 273 
~Sam Houston,Van Zandt and Henderson, April 29, 1844 274 
~Anson Jones,Van Zandt and Henderson, May 2, 1844 276 
~Sam Houston,Van Zandt and Henderson, May 10, 1844 278 
~Isaac Van Zandt,Anson Jones, May 11, 1844 280 
~Sam Houaton,Van Zandt and Henderson, May 17, 1844 281 
~Van Zandt and Henderson,Anson Jones, May 25, 1844 283 
~Van Zandt and Henderson,Anson Jones, June 10, 1844 284 
~Isaac Van Zandt,Anson Jones, June 13, 1844 285 
~Van Zandt and Henderson,Anson Jones, June 15, 1844 286 
~Isaac Van Zandt,Anson Jones, June 18, 1844 287 
~Isaac Van Zandt,Anson Jones, July 6, 1844 288 
~Anson Jones,Isaac Van Zandt, July 13, 1844 289 
~A. M. Green,Anson Jones, July 14, 1844 290 
~Anson Jones,A. M. Green, July 22, 1844 291 
~Anson Jones,Charles H. Raymond, July 29, 1844. . .'. 292 
~Address of Tilghman A. Howard,Anson Jones, between August 2 and 6, 
~Anson Jones's reply,Howard *s address 294 
~Anson Jones,Charles H. Raymond, August 6, 1844 295 
~Isaac Van Zandt,Anson Jones, August 8, 1844 297 
~J. H. Brower,Isaac Van Zandt, July 27, 1844 (extract) 299 
~Isaac Van Zandt,Anson Jones, August 16, 1844 300 
~Wm. Wilkins,John C. Calhoun, April 24, 1844 301 
~D. Parker,John C. Calhoun, June 27, 1844 303 
~R. Jones,the Secretary of War [of the United States], June 27, 1844 303 
~R. Jones,Zachary Taylor, March 11, 1844 304 
~Zachary Taylor,AdjutantrGeneral [R. Jones], April 2, 1844 304 
~G. Loomis,W. W. S. Bliss, April 20, 1843 305 
~Isaac Van Zandt,Anson Jones, August 19, 1844 306 
~J. H. Brower,Isaac Van Zandt, August 16, 1844 (extract) 307 
~Isaac Van Zandt,Anson Jones, September 11, 1844 309 
~Charles H. Raymond,Anson Jones, September 12, 1844 310 
~Charles H. Raymond,Anson Jones, September 19, 1844 312 
~Charles H. Raymond,Anson Jones, October 1, 1844 313 
~Anson Jones,James Reily, October 16, 1844 315 
~Anson Jones,Charles H. Raymond, October 24, 1844 316 
~Charles H. Raymond,Anson Jones, November 27, 1844 317 
~A. J. Donelson,Anson Jones, December 2, 1844 318 
~M.S. CucuUu,John C. Spencer, April 26, 1844 319 
~Balie Peyton,M. S. CucuUu, April 26, 1844 320 
~Eddy and Moss,the collector of the customs at New Orleans, April 23, 
~Charles H. Raymond,the Secretary of State of Texas [Jones], December 
~John C. Calhoun,Charles H. Raymond, December 2, 1844 324 
~Charles H. Raymond,John C. Calhoun, December 2, 1844 325 
~A. J. Donelson,Anson Jones, December 6, 1844 325 
~Anson Jones,A. J. Donelson, December 7, 1844 326 
~A. J. Donelson,Secretary of State [Allen,. arf interim], December 10, 1844. 327 
~Ebenezer Allen,A. J. Donelson, December 11, 1844 327 
~A. J. Donelson,Ebenezer Allen, December 13, 1844 328 
~Charles H. Raymond,the Secretary of State of Texas [Allen], 
~John C. Calhoun,Charles H. Raymond, December 23, 1844 \ . . 330 
~Charlee H. Raymond,John C. Calhoun, December 27, 1844 331 
~Ebenezer Allen,A. J. Donelson, January 4, 1845 332 
~Charles H. Raymond,Ebenezer Allen, January 4, 1845 334 
~A.J. Donelson,Ebenezer Allen, January 6, 1845 335 
~Ebenezer Allen,Charles H. Raymond, January 10, 1845 337 
~Charles H. Raymond,Ebenezer Allen, January 11, 1845 339 
~Ebenezer Allen,Charles H. Raymond, January 16, 1845 340 
~Charles H. Raymond,Ebenezer Allen, January 16, 1845 341 
~Ebenezer Allen,Charles H. Raymond, January 20, 1845 342 
~A. J. Donelson,Ebenezer Allen, January 20, 1845 346 
~Duff Green,A. J. Donelson, January 20, 1845 347 
~Williams, Thurston, and Meggerson,Duff Green, January 1, 1845 348 
~A. J. Donelson,Ebenezer Allen, January 21, 1845 349 
~Ebenezer Allen,A. J. Donelson, January 21, 1845 350 
~Charles H. Raymond,Ebenezer Allen, January 27, 1845 352 
~John C. Calhoun,Charles H. Raymond, January 22, 1845 353 
~Charles H. Raymond,Ebenezer Allen, February 6, 1845 354 
~Charles H. Raymond,John C. Calhoun, February 6, 1845 354 
~Ashbel Smith,A. J. Donelson, February 10, 1845 355 
~Ashbel Smith,Charles H. Raymond, February 11, 1845 358 
~Charles H. Raymond,Ebenezer Allen, February 18, 1845 359 
~Charles H. Raymond,John C. Calhoun, February 10, 1845 360 
~Charles H. Raymond,John C. Calhoun, February 11, 1845 361 
~Charles H. Raymond,Ebenezer Allen, February 21, 1845 362 
~Charles H. Raymond,Ebenezer Allen, February 28, 1845 364 
~Ashbel Smith,Charles H. Raymond, March 21 , 1845 365 
~Ashbel Smith,Stewart Newell, March 24, 1845 366 
~Charles H. Raymond,Ashbel Smith, March 31, 1845 367 
~A. J. Donelson,Ebenezer Allen, April 7, 1845 : 369 
~Charles H. Raymond,Ebenezer Allen, April 30, 1845 374 
~Charles H. Raymond,Ebenezer Allen, May 19, 1845 377 
~Ebenezer Allen,David S. Kaufman, July 10, 1845 381 
~Ebenezer Allen,David S. Kaufman, July 10, 1845 382 
~Anson Jones,James K. Polk, July 12, 1845 386 
~Ebenezer Allen,William D. Lee, August 2, 1845 388 
~T. Hartley Crawford,Andrew J. Donelson, July 29, 1845 390 
~E. A. Rhodes,Ebenezer Allen, August 21, 1845 390 
~J. Y. Mason,E. A. Rhodes, August 7, 1845 391 
~E. A. Rhodes,Ebenezer Allen, August 21, 1845 391 
~Anson Jones,Zachary Taylor, August 23, 1845 393 
~Ebenezer Allen,E. A. Rhodes, August 30, 1845 395 
~William D. Lee,Ebenezer Allen, September 8, 1845 398 
~James Buchanan,William D. Lee, September 6, 1845 399 
~William D. Lee,James Buchanan, September 8, 1845 400 
~David S. Kaufman,Ebenezer Allen, September 30, 1845 401 
~David S. Kaufman,James Buchanan, September 23, 1845 402 
~WilliamD. Lee,Ebenezer Allen, October 8, 1845 406 
~Ebenezer Allen,David S. Kaufman, October 15, 1815 409 
~William D. Lee,Ebenezer Allen, October 21, 1845 410 
~W. L. Marcy,David S. Kaufman, October 10, 1845 410 
~David S. Kaufman,Ebenezer Allen, November 3, 1845 411 
~William D. Lee,Ebenezer Allen, November 8, 1845 412 
~William D. Lee,James Buchanan, November 6, 1845 413 
~Anson Jones,James K. Polk, November 12, 1845 414 
~Joseph C. Eldredge,E. A. Rhodes, November 29, 1845 415 
~Anson Jones,James K. Polk, February 16, 1846 415 
~R. J. Walker,Hiram G. Runnels, March 25, 1846 416 
~David G. Burnet,Anto. Lopez de Santa Anna, May 17, 1836 418 
~David G. Burnet,Anto. Lopez de Santa Anna, May 19, 1836 419 
~David G. Burnet,Anto. Lopez de Santa Anna, May 20, 1836 420 
~David G. Burnet,Anto. Lopez de Santa Anna, May 20, 1836 420 
~Anto. Lopez de Santa Anna,David G. Burnet, June 4, 1836 421 
~Anto. Lopez de Santa Anna,David G. Burnet, June 8, 1836 421 
~Anto. Lopez de Santa Anna,David G. Burnet, June 8, 1836 422 
~Anto. Lopez de Santa Anna,Sam Houston, October 24, 1836 423 
~Stephen F. Austin,Fran. Pizarro Martinez, November 30, 1836 424 
~Geo. W. Hockley,Sam Houston, December 13, 1836 425 
~Geo. W. Hockley,Sam Houston, December 13, 1836 426 
~Barnard E. Bee,Sam Houston, December 14, 1836 427 
~Fran. Pizarro Martinez,Stephen F. Austin, December 29, 1836 428 
~A. J. Yates,Stephen F. Austin, January 4, 1837 428 
~Correspondent in Tampico,T. Toby, January 7, 1837 429 
~Correspondent in Tampico,T. Toby, January 26, 1837 429 
~Antonio Canales,Mirabeau B. Lamar, December 17, 1838 430 
~James Webb,Barnard E. Bee, February 20, 1839 432 
~Barnard E. Bee,James Webb, undated 437 
~James Webb,Barnard E. Bee, March 7, 1839 437 
~Barnard E. Bee,James Webb, April 1, 1839 438 
~Barnard E. Bee,James Webb, April 6, 1839 438 
~Barnard E. Bee,James Webb [April 7, 1839] 439 
~Barnard E. Bee,James Webb, iindated 440 
~Barnard E. Bee,James Webb, April 18, 1839 441 
~Barnard E. Bee,James Webb, April 30, 1839 442 
~Barnard E. Bee,James Webb, May 1, 1839 443 
~Barnard E. Bee,James Webb, May 9, 1839 443 
~Barnard E. Bee,James Webb, May 13, 1839 444 
~Geo. L. Hammeken,James Hamilton, May 19, 1839 445 
~Geo. L. Hanmieken,James Webb, May 20, 1839 446 
~Barnard E. Bee,James Webb, May 24, 1839 447 
~Barnard E. Bee,James Webb, May 28, 1839 449 
~James Hamilton,Mirabeau B. Lamar, June 22, 1839 450 
~J. R. Poinsett,James Hamilton, May 31, 1839 452 
~James Hamilton,Mirabeau B. Lamar, June 28, 1839 453 
~James Hamilton,R. Copeland, June 29, 1839 454 
~Barnard E. Bee,James Webb, June, 1839 455 
~Barnard E. Bee,James Webb, July 5, 1839 457 
~Barnard E. Bee,James Webb, July 6, 1839 458 
~James Hamilton,Mirabeau B. Lamar, July 8, 1839 459 
~Barnard E. Bee,James Webb, July 9, 1839 460 
~Barnard E. Bee,James Webb, undated 462 
~Barnard E. Bee,James Webb, July, 1839 463 
~James Webb,Barnard E. Bee, July 11, 1839 464 
~Barnard E. Bee,James Webb, July 24, 1839 465 
~BaniaxdE. Bee,James Webb, July 26, 1839 466 
~Barnard E. Bee to [Lamar], July [?] 3839 467 
~James Hamilton,Mirabeau B. Lamar, August 1, 1839 468 
~Mirabeau B. Lamar,James Treat, August 9, 1839 469 
~David G. Burnet,James Treat, August 9, 1839 470 
~Barnard E. Bee,David G. Burnet, August 13, 1839 472 
~Jacob Barker,Barnard E. Bee, August 32, 1839 474 
~James Treat,David G. Burnet, August 33, 3839 475 
~DaAdd G. Burnet,James Treat, August 19, 1839 476 
~James Treat,Mirabeau B. I^mar, September 3, 1839 477 
~James Treat,David G. Burnet, September 3, 1839 478 
~James Treat,David G. Burnet, September 10, 1839 482 
~James Treat,David G. Burnet, September 18, 1839 484 
~James Treat,Mirabeau B. I^mar, September 18, 1839 486 
~A Friend of Treat in Mexico,a Friend of Treat in New Orleans [Vitalba], 
~A Friend of Treat in New Orleans [Vitalba] to James Treat, September 
~James Treat,David G. Biumet, September 21, 1839 488 
~James Treat,David G. Burnet, Octobers, 1839 490 
~James Treat,David G. Burnet, October 10, 1839 492 
~James Treat,David G. Burnet, October 23, 1839 494 
~A. S. Wright,Wm. Bryan, November 21, 1839 496 
~James Treat,David G. Burnet, November 28, 1839 500 
~James Treat,David G. Burnet, November 29. 1839 501 
~A. S. Wright,William Bryan,* December 7, 1839 503 
~Juan de Dios Cafiedo,R. Pakenham, December 11, 1839 505 
~James Treat,Mirabeau B. Lamar, December 12, 1839 505 
~James Treat,Mirabeau B. Lamar, December 12, 1839 506 
~James Treat,James Hamilton, December 16, 1839 507 
~James Treat,Mirabeau B. Lamar, December 20, 1839 512 
~David G. Burnet,James Hamilton, December 23, 1839 517 
~A. S. Wright,Wm. Bryan, December 25, 1839 518 
~A. S. Wright,John Merle, December25, 1839 520 
~A. S. Wright,Wm. Bryan, December 27, 1839 520 
~James Treat,Mirabeau B. Lamar, December 31, 1839 523 
~James Hamilton,David G. Burnet, January 7, 1840 527 
~James Treat,Mirabeau B. Lamar, January 7, 1840 527 
~James Treat,Mirabeau B. Lamar, January 18, 1840 529 
~James Treat,Mirabeau B. Lamar, January 22, 1840 536 
~James Treat,Mirabeau B. Lamar, January 31, 1840 538 
~James Treat,Mirabeau B. Lamar, February 1, 1840 542 
~James Treat,Mirabeau B. Lamar, February 4, 1840 543 
~Abner S. Lipscomb,Barnard E. Bee, February 6, 1840 546 
~James Treat,Mirabeau B. Lamar, February 6, 1840 545 
~James Treat,Mirabeau B. Lamar, February 7, 1840 548 
~James Treat,Juan de Dios CaAedo, January 24, 1840 550 
~James Treat,Juan de Dios Cafiedo, January 24, 1840 551 
~James Treat,Juan de Dios Cafiedo, February 7, 1840 553 
~James Treat,Mirabeau B. Lamar, February 8/ 1840 559 
~James Treat,Mirabeau B. Lamar, February 8, 1840 560 
~James Treat,Mirabeau B. Lamar, February 15, 1840 564 
~James Treat,Mirabeau B. Lamar, February 21, 1840 570 
~James Treat,Juan de Dios Cafiedo, January 24, 1840 572 
~James Treat,Juan Nepomuceno Almonte, January 24, 1840 573 
~James Treat,Juan de Dies Cafiedo, February 4, 1840. .* 575 
~James Treat,Juan de Dies Cafiedo, February 10, 1840 576 
~James Treat,Juan de Dios Cafiedo, February 12, 1840 576 
~James Treat,Mirabeau B. Lamar, February 22, 1840 577 
~James Treat,Mirabeau B. Lamar, February 29, 1840 579 
~David G. Burnet,James Treat, March 12, 1840 581 
~David G. Burnet,R. Pakenham, March 12, 1840 583 
~David G. Burnet,R. Pakenham, March 12, 1840 583 
~James Treat,Mirabeau B. Lamar, March 25, 1840 584 
~James Treat,Mirabeau B. Lamar, March 27, 1840. 587 
~Propositions of Texas,Mexico, March 21, 1840 592 
~James Treat,Mirabeau B. I^amar, March 31, 1840 593 
~Abner S. Lipscomb,James Treat, April 1, 1840 595 
~Abner S. Lipscomb,Hamilton and Burnley, April 1, 1840 596 
~James Treat,Secretary of State [Lipscomb], April 10, 1840 597 
~Jas. Ogilvy,R. Pakenham, August 20, 1839 597 
~Jas. Ogilvy,R. Pakenham, August 20, 1839 600 
~James Treat,Mirabeau B. Lamar, April 10, 1840 601 
~James Treat,Mirabeau B. Lamar, April 10, 1840 601 
~Correspondent at Vera Cruz,David G. Burnet, April 16, 1840 606 
~James Treat,Mirabeau B. Lamar, April 21, 1840 606 
~James Treat,Juan de Dios Cafiedo, April 20, 1840 608 
~A. S. Wright,Barnard E. Bee, Februarys, 1840 609 
~Barnard E. Bee,Secretary of State [Lipscomb], April 21, 1840 612 
~James Treat,Mirabeau B. Lamar, April 24, 1840 612 
~R. Pakenham,David G. Burnet, April 25, 1840 614 
~James Treat,Mirabeau B. Lamar, April 30, 1840 615 
~A. S. Wright,Barnard E. Bee, August 29, 1839 615 
~A. S. Wright,Barnard E. Bee, November 10, 1839 618 
~A. S. Wright,Barnard E. Bee, November — , 1839 620 
~A. S. Wright,Barnard E. Bee, November 18, 1839 624 
~Barnard E. Bee,Secretary of State [Lipscomb], April 30, 1840 C32 
~Abner S. Lipscomb,James Hamilton, May 4, 1840 632 
~Abner S. Lipscomb,James Treat, May 7, 1840 633 
~James Treat,Mirabeau B. Lamar, May 7, 1840 634 
~James Treat,Mirabeau B. Lamar, May 28, 1840 636 
~James Treat,James Ritchie, June 3, 1840 639 
~James Treat,Mirabeau B. Lamar, June 3, 1840 640 
~James Treat,Mirabeau B. Lamar, June 6, 1840 641 
~Abner S. Lipscomb,James Treat, June 13, 1840 642 
~James Treat,Mirabeau B. Lamar, June 14, 1840 646 
~James Treat,Abner S. Lipscomb, June 19, 1840 649 
~Mirabeau B. Lamar,E. W. Moore, June 20, 1840 651 
~A. S. Wright,Barnard E. Bee, June 25, 1840 652 
~A. S. Wright,Barnard E. Bee, July 1, 1840 657 
~James Treat,Abner S. Lipscomb, July 4, 1840 662 
~James Treat,Mirabeau B. Lamar, July 4, 1840 663 
~James Treat,Juan de Dios Cafiedo, June 20, 1840 665 
~Barnard E. Bee,James Treat, April 28, 1»40 665 
~James Treat,Abner S. Lipscomb, July 13, 1840 666 
~James Treat,Mirabeau B. Lamar, July 13, 1840 668 
~James Treat,Mirabeau B. Lamar, July 23, 1840 670 
~James Treat,Abner S. Lipscomb, August 11, 1840 674 
~James Treat,Mirabeau B. Lamar, August 11, 1840 675 
~A. S. Wright,Barnard E. Bee, July 27, 1840 677 
~A. S. Wright,Barnard E. Bee, August 18, 1840 682 
~James Treat,Mirabeau B. Lamar, August 21, 1840 683 
~James Treat,Abner S. Lipscomb, August 21, 1840 684 
~James Treat,E. W. Moore, August 21, 1840 690 
~E. W. Moore,James Treat, August 25, 1840 693 
~E. W. Moore,Muabeau B. Lamar, August 28, 184Q 695 
~E. W. Moore,Abner S. Lipscomb, August 28, 1840 696 
~James Treat,Abner S. Lipscomb, September 7, 1840 697 
~Memorandum communicated by Treat,Mexican Government, Septem- 
~Abner S. Lipscomb,James Treat, September 15, 1840 703 
~James Treat,Abner S. Lipscomb, September 29, 1840 •. 704 
~Agent of Texas [Treat] to Secretary of State of Mexico [Cafledo], Septem- 
~James Treat,Abner S. Lipscomb, October 6, 1840 708 
~James Treat,Abner S. Lipscomb, October 17, 1840 711 
~James Treat,Abner S. Lipscomb, October 25, 1840 711 
~E. W. Moore,James Treat, October 29, 1840 713 
~E. W. Moore,Joaquin Rivas Sayas, October 16, 1840 714 
~Joaquin Rivas Sayas,E. W. Moore, October 17, 1840 715 
~Nathaniel Amory,Abner S. Lipscomb, November 27, 1840 716 
~Juan N. Leplicher,Nathaniel Amory, October 17, 1840 -717 
~A. S. Wright,Nathaniel Amory, October 17, 1840 718 
~Juan Vitalba,Mirabeau B. Lamar, December 8, 1840 720 
~James Treat,R. Pakenham, October 10, 1840 721 
~James Treat,R. Pakenham, October 14, 1840 722 
~James Treat,R. Pakenham, October 14, 1840 723 
~R. Pakenham,James Treat, September 29, 1840 723 
~Juan de Dies Cafiedo,R. Pakenham, September 26,^.840 725 
~R. Pakenham,James Treat, October 14, 1840 726 
~R. Pakenham,James Treat, October 15, 1840 726 
~R. Pakenham,James Treat, October 21, U540 727 
~R. Pakenham,James Treat, November 5, 1840 727 
~James Treat,E. W. Moore, October 6, 1840 729 
~James Treat,E. W. Moore, September 30, 1840 729 
~A. S. Wright,Mirabeau B. Lamar, March 18, 1841 731 
~James S. May field,James Webb, March 22, 1841 732 
~Samuel A. Roberts,Cooke and others, June 15, 1841 737' 
~Samuel A. Roberts,Wm. G. Cooke, June 15, 1841 743 
~Samuel A. Roberts,Rafael Uribe, June 23, 1841 747 
~Samuel A. Roberts,Van Ness and Morris, June 24, 1841 748 
~Mirabeau B. Lamar,Mariano Arista, June 24, 1841 749 
~James Webb,James S. Mayfield, June 29, 1841 751 
~James Webb,Ignacio de Mora, May 31, 1841 752 
~Ignacio de Mora,James Webb, May 31, 1841 753 
~James Webb,R. Pakenham, June 1, 1841 753 
~R. Pakenham,James Webb, June 10, 1841 755 
~Sebastian Canacho,R. Pakenham, June 8, 1841 757 
~R. Pakenham,James S. Mayfield, June 10, 1841 758 
~James Webb,R. Pakenham, June 16, 1841 759 
~James Webb,Mirabeau B. Lamar, June 29, 1841 760 
~Samuel A. Roberts,James Webb, July 7, 1841 766 
~John D. Morris,Samuel A. Roberts, September 13, 1841 767 
~John D. Morris,Samuel A. Roberts, September 30, 1841 768 
~Van Ness and Morris,Rafael Uribe [July 18, 1841) 768 
~Van Ness and Morris,Carrasco, July 25, 1841 772 
~Van Ness and Morris,Mariano Arista, August 6, 1841 774 
~Mariano Arista,Van Ness and Morris, August 8, 1841 776 
~Brenham and Cooke,Secretary of State [Roberts], November 9, 1841 777 
~Anson Jones,James Hamilton, December 26, 1842 784 
~Sam Houston,Secretary of State [Jones], June 10, 1843 785 
~Sam Houston to*Hockley and Williams, February 3, 1843 786 
~G. W. Hill,Adrian Woll, July 29, 1844 789 
~Reuben M. Potter,Ashbel Smith, March 18, 1845 790 
~Mirabeau B. Lamar,Governor of Yucatan, July 20, 1841 792 
~Miguel Barbachano,Mirabeau B. Lamar, August 24, 1841 793 
~Martin F. Peraza,Samuel A. Roberts, September 11, 1841 794 
~Samuel A. Roberts,Martin F. Peraza, September 13, 1841 795 
~Martin F. Peraza,Samuel A. Roberts, September 18, 1841 796 
~E. W. Moore,PedrffLemus, January 13, 1842 797 
~Pedro Lemus,E. W. Moore, January 14, 1842 798 
~Joaquin G. Rej6n,Secretary of State [Waples, acting], January 18, 1842. . 799 
~Joaquin G. Rei6n,Secretary of State [Waples, acting], January 18, 1842. . 800 
~Instructions,Peraza, August 24, 1841 801 
~Joaquin G. Rej6n,President of Texas, April 9, 1842 804 
~Pedro Lemus,Secretary of State [Rej6n], April 8, 1842 804 
~R. A. Irion,J. Pinckney Henderson, June 25, 1837 808 
~J. Pinckney Hendersdh,Secretary of State [Irion], July 24, 1837 810 
~R. A. Irion,J. Pinckney Henderson, August 23, 1837 810 
~J. Pinckney Henderson,Secretary of State [Irion], October 14, 1837 812 
~J. Pinckney Henderson,Lord Palmerston, October 11, 1837 812 
~I^rd Palmerston,J. Pinckney Henderson, October 12, 1837 812 
~J. Pinckney Henderson,Lord Palmerston, October 12, 1837 812 
~J. Pinckney Henderson,R. A. Irion, November 5, 1837 821 
~J. Pinckney Henderson,Lord Palmerston, October 26, 1837 821 
~Lord Palmerston,J. Pinckney Henderson, October 31, 1837 829 
~J. Pinckney Henderson,Lizardi &lt;k Co., October 16, 1837 830 
~J. Pinckney Henderson,R. A. Irion, December 22, 1837 831 
~J. Pinckney Henderson,Lord Palmerston, December 6, 1837 832 
~J. Pinckney Henderson,Lord Palmerston, December 15, 1837 832 
~Lord Palmerston,J. Pinckney Henderson, December 18, 1837 832 
~R. A. Irion,J. Pinckney Henderson, January 6, 1838 836 
~J. Pinckney Henderson,R. A. Irion, January 5, 1838 839 
~J. Pinckney Henderson,R. A. Irion, January 30, 1838 843 
~J. Pinckney Henderson,Lord Palmerston, December 29, 1837 843 
~J. Pinckney Henderson,Lord Palmerston, January 16, 1838 845 
~J. Pinckney Henderson,Lord Palmerston, January 22, 1838 846 
~Lord Palmerston,J. Pinckney Henderson, January 23, 1838 847 
~R. A. Irion,Agent of Lloyds, March 8, 1838 848 
~R. A. Irion,J. Pinckney Henderson, March 20, 1838 849 
~J. Pinckney Henderson,R. A. Irion, April 12, 1838 863 
~J. Pinckney Hendereon,Lord Palmerston, February 12, 1838 854 
~Lord Palmerston,J. Pinckney Henderson, February 12, 1838 854 
~J. Pinckney Henderson,Lord Palmerston, March 16, 1838 855 
~J. Pinckney Henderson,Lord Palmerston, April 5, 1838 856 
~Lord Palmerston,J. Pinckney Henderson, April 6, 1838 856 
~J. Pinckney Henderson,Lord Palmerston, April 10, 1838 858 
~Lord Palmerston,J. Pinckney Henderson, April 11, 1838 859 
~R. A. Irion,J. Pinckney Henderson, May 20, 1838 '. 860 
~R. A. Irion,J. Pinckney Henderson, June 6, 1838 862 
~R. A. Irion,J. Pinckney Henderson, November 28, 1838 864 
~Jamee Hamilton,H. S. Fox, May 20, 1839 867 
~H. S. Fox,James Hamilton, May22, 1839 870' 
~David G. Burnet,J. Pinckney Henderson, June 16, 1839 872 
~David G. Burnet,Jamee Hamilton, August 19,1839 873 
~J. Pinckney Henderson,Secretary of State [Burnet], October 16, 1839. . 874 
~J. Pinckney Henderson,Secretary of State [Burnet], November 24, 1839. 875 
~J. Pinckney Henderson,Secretary of State [Biumet], November 27, 1839. 876 
~James Hamilton,David G. Burnet, January 5, 1840 878 
~R. Pakenham,James Hamilton, December 12, 1839 879 
~Jamee Hamilton,R. Pakenham, January 2, 1840 *, 881 
~Jamee HamUton,R. Pakenham, January 3, 1840 883 
~James Buchanan,E. W. Moore, January 7, 1840 885 
~E. W. Moore,James Buchanan, January 8, 1840 885 
~James Hamilton,Abner S. Lipecomb, February 25, 1840 886 
~Jamee Hamilton,Lord Palmerston, February 10, 1840 887 
~James Treat,Mirabeau B. Lamar, April 29, 1840 890 
~James Treat,Abner S. Lipscomb, April 29, 1840 891 
~R. Pakenham,James Treat, April 26, 1840 892 
~James Treat,Ri. Pakenham, April 28, 1840 897 
~Abner S. Lipecomb,R. Pakenham, June 6, 1840 898 
~John Taylor,Mirabeau B. Lamar, July 28, 1840 900 
~List of negro subjects of Great Britain alleged,be held in slavery in Texas, 
~James Hamilton,Abner S. Lipecomb, October 3, 1840 903 
~Mirabeau B. Lamar,Lord Russell, October 12, 1840 903 
~Joseph Waples,Wm. Barron, October 12, 1840 904 
~James Hamilton,Abner S. Lipecomb, October 19, 1840 905 
~Geo. S. Mcintosh,Mirabeau B. Lamar, October 22, 1840 906 
~James Hamilton,Abner S. Lipscomb, November 1 , 1840 907 
~James Hamilton,Lord Palmerston, November 5, 1840 909 
~Abner S. Lipecomb,Wm. Barron, November 18, 1840 911 
~James Hamilton,Mirabeau B. Lamar, December 3, 1840 914 
~James Hamilton,Monroe Edwards, November 23, 1840 916 
~Lord Palmerston,James Hamilton, December 2, 1840 916 
~James Hamilton,Abner S. Lipscomb, December 3, 1840 917 
~James Hamilton,Abner S. Lipscomb, December 3, 1840 919 
~Hamilton and Burnley,James H. Starr, December 3, 1840 920 
~James Hamilton,Abner S. Lipscomb, January 4, 1841 921 
~James Hamilton,Lord Palmerston, October 1, 1840 925 
~Lord Palmerston,James Hamilton, October 18, 1840 (extract) 926 
~James Hamilton,Mirabeau B. Lamar, January 4, 1841 926 
~Lord Palmerston,James Hamilton, January 2, 1841 930 
~James S. Mayfield,James Hamilton, February 12, 1841 930 
~James S. Mayfield,James Hamilton, February 12, 1841 931 
~A. T. Biimley,David G. Burnet, February 21, 1841 931 
~Arthur Ikin,James S. Mayfield, May 18, 1841 936 
~James Hamilton,James S. Mayfield, May 18, 1841 937 
~Samuel A. Roberts,James Hamilton, July 5, 1841 939 
~John Crawford,Mirabeau B. Lamar, July 30, 1841 942 
~Lord Palmerston,Mirabeau B. Lamar, April 8, 1841 942 
~James Hamilton,Samuel A. Roberts, September 3, 1841 943 
~Anson Jones,James Hamilton, January 26, 1842 943 
~James Hamilton,Anson Jones, February 8, 1842 944 
~James Hamilton,Anson Jones, February 14, 1842 944 
~James Hamilton,Nathaniel Amory, February 8, 1842 945 
~James Hamilton,Anson Jones, February 18, 1842 945 
~James Hamilton,Anson Jones, March 4, 1842 947 
~Anson Jones,Ashbel Smith, March 9, 1842 948 
~Arthur Ikin,Anson Jones, March 15, 1842 950 
~Anson Jones,Ashbel Smith, April 4, 1842 952 
~Geo. Fisher,Anson Jones, April 25, 1842 953 
~Ashbel Smith,Anson Jones, May 17, 1842 955 
~Ashbel Smith,Anson Jones, June 3, 1842 959 
~Ashbel Smith,Anson Jones, June 3, 1842 961 
~Anson Jones,Ashbel Smith, June 7, 1842 ^ 963 
~Ashbel Smith,Anson Jones, June 18, 1842 966 
~Ashbel Smith,Anson Jones, June 18, 1842 967 
~Lord Aberdeen,Secretary of State of Texas [Jones], June 28, 1842 969 
~Ashbel Smith,Anson Jones, July 3, 1842 971 
~Ashbel Smith,Anson Jones, July 4, 1842 976 
~Ashbel Smith,Lord Aberdeen, July 1, 1842 977 
~Ashbel Smith,Anson Jones, July 11, 1842 978 
~Ashbel Smith,Edward Everett, May 12, 1842 979 
~Edward Everett,Ashbel Smith, May 12, 1842 979 
~Edward Everett,Ashbel Smith, May 13, 1842 979 
~Edward Everett,Ashbel Smith, May 13, 1842 980 
~Ashbel Smith,Samuel Amory, May 13, 1842 980 
~Samuel Amory,George K. Teulon, May 13, 1842 980 
~Ashbel Smith,Edward Everett, May 13, 1842 981 
~Edward Everett,Ashbel Smith, May 15, 1842 ^ 981 
~Ashbel Smith,Edward Everett, May 16, 1842 981 
~A^bel Smith,Lord Aberdeen, May 21, 1842 981 
~Ashbel Smith,Lord Aberdeen, May 27, 1842 982 
~Lord Aberdeen,Ashbel Smith, May 30, 1842 982 
~M. P. Russell,Ashbel Smith, June 4, 1842 (extract) *.. 982 
~Ashbel Smith,James Reily, June 6, 1842 983 
~Ashbel Smith,Geo. S. Mcintosh, June 7, 1842 984 
~Ashbel Smith,Lord Aberdeen, June 14, 1842 985 
~M. P. Russell,Ashbel Smith, June 15, 1842 986 
~Lord Aberdeen,Ashbel Smith, June 17, 1842 987 
~Ashbel Smith,Geo. S. Mcintosh, June 20, 1842 987 
~Ashbel Smith,Lord Aberdeen, June 24, 1842 988 
~lx)rd Aberdeen,Ashbel Smith, June 25, 1842 988 
~Ashbel Smith,M. P. Russell, June 22, 1842 988 
~Joseph Hume,Ashbel Smith, June 29, 1842 989 
~Lachlin M. Rate,Ashbel Smith, June 29, 1842 990 
~Memorandum concerning War Steamers,be used against Texas, un- 
~Wm. Pringle,Ashbel Smith, June 29 (?), 1842 990 
~M. P. Russell,Ashbel Smith, June 30, 1842 991 
~William Kennedy,Ashbel Smith, June 30, 1842. 991 
~Arthur Ikin,Ashbel Smith, July 1, 1842 992 
~Ashbel Smith,Arthur Ikin, July 2, 1842 993 
~Fox Sons &amp; Co. to Ashbel Smith, July 2, 1842 993 
~Ashbel Smith,Lord Aberdeen, July 4, 1842 993 
~Gabriel Shaw,Ashbel Smith, July 5, 1842 994 
~Ashbel Smith,Joseph Hume, July 5, 1842 994 
~Ashbel Smith,Lachlin M. Rate, July 7, 1842 994 
~Wm. Pringle,Ashbel Smith, July 8, 1842 995 
~Ashbel Smith,Wm. Pringle, July 8, 1842 995 
~Lachlin M. Rate,Ashbel Smith, July 8, 1842 995 
~Certificate of Exchange of Ratification of Convention as,Debt be- 
~Ashbel Smith,Anson Jones, July 12, 1842 997 
~Ashbel Smith,Anson Jones, August 13, 1842 999 
~Ashbel Smith,Wm. Pringle, July 31, 1842 1001 
~Wm. Pringle,Ashbel Smith, August4, 1842 1002 
~Wm. Pringle,Ashbel Smith, August 5, 1842 1003 
~G. W. Terrell,Ashbel Smith, August 20, 1842 1004 
~Charles Elliot,Secretary of State [Jones], August 23, 1842 1009 
~G. W. Terrell,Charles Elliot, August 29, 1842 1009 
~G. W. Terrell,Lord Aberdeen, August 30, 1842 1010 
~Ashbel Smith,Lord Aberdeen, August 15, 1842 1011 
~Charles Elliot,G. W. Terrell, September 10, 1842 1012 
~Joseph Waples,Charles Elliot, September 14, 1842 1014 
~Ashbel Smith,Anson Jones, September 19, 1842 1015 
~Ashbel Smith,Lord Aberdeen, September 14, 1842 1017 
~Ashbel Smith,H. U. Addington, September 14, 1842 1018 
~Ashbel Smith,Texan Consuls, undated 1018 
~Ashbel Smith,Anson Jones, September 19, 1842 1019 
~Ashbel Smith,Lord Aberdeen, September 19, 1842 1020 
~Charles Elliot,Anson Jones, September 26, 1842 1022 
~Ashbel Smith,Anson Jones, October 3, 1842 1023 
~Ashbel Smith,Anson Jones, October 3, 1842 1024 
~James Hamilton,Anson Jones, October 5, 1842 1025 
~Ashbel Smith,Anson Jones, October 17, 1842 1026 
~Ashbel Smith,Anson Jones, October 19, 1842 1029 
~Lord Aberdeen,Ashbel Smith, July 16, 1842 1033 
~Lord Aberdeen,Ashbel Smith, September 21, 1842 1034 
~Lord Aberdeen,Ashbel Smith, September 27, 1842 1035 
~Ashbel Smith,Lord Aberdeen, October 10, 1842 1037 
~Charles Elliot,G. W. Terrell, October 31, 1842. 1043 
~James Hamilton,Anson Jones, November 25, 1842 1045 
~James Hamilton,Anson Jones, November 25, 1842 1046 
~James Hamilton,Lords of the Treasury, undated. 1048 
~H. U. Addington,James Hamilton, August 19, 1842 1051 
~James Hamilton,Senior Officer of British Navy, August 23, 1842 1052 
~G. W. Terrell,Charles Elliot, Decembers, 1842 1055 
~G. W. Terrell,Ashbel Smith, December 7, 1842 1056 
~Charles Elliot,G. W. Terrell, December 13, 1842 1058 
~Anson Jones,Sam Houston, December 24, 1842 1062 
~Anson Jones,Charles Elliot, December 24, 1842 1063 
~Ashbel Smith,Anson Jones, December 30, 1842 1064 
~Lord Aberdeen,Ashbel Smith, November 8, 1842 1068 
~Ashbel Smith,Lord Aberdeen, December 10, 1842 1072 
~Ashbel Smith,Lord Aberdeen, December 12, 1842 1073 
~. Ashbel Smith,Lachlin M. Rate, December 24, 1842 1077 
~Charles Elliot,Anson Jones, January 17, 1843 1078 
~Anson Jones,Ashbel Smith, January 18, 1843. ., 1079 
~Anson Jones,Ashbel Smith, January 19, 1843 1080 
~Anson Jones,Ashbel Smith, January 23, 1843 1084 
~Charles Elliot,Anson Jones, February 7, 1843 1088 
~Sam Houston,Charles Elliot, May 6, 1843 1089 
~Anson Jones,Ashbel Smith, May 8, 1843 1090 
~Charles Elliot,Anson Jones, June 10, 1843 1090 
~Percy W. Doyle,Charles Elliot, May 27, 1843 (extract) 1091 
~Anson Jones,Charles Elliot, June 15, 1843 1092 
~Anson Jones,Ashbel Smith, June 15, 1843 1093 
~Ashbel Smith,Wm. Henry Daingerfield, June 16, 1843 1094 
~Ashbel Smith,Anson Jones, June 16, 1843 1094 
~Charles Elliot,Anson Jones, June 18, 1843 1096 
~Anson Jones,Charles Elliot, June 28, 1843 1097 
~Ashbel Smith,Wm. Henry Daingerfield, June 28, 1843 1098 
~Ashbel Smith,Anson Jones, July 2, 1843 1099 
~Ashbel Smith,Isaac Van Zandt, January 25, 1843 1103 
~Ashbel Smith,Isaac Van Zandt, January 25, 1843 (extract) 1107 
~Ashbel Smith,Anson Jones, July 3, 1843 (extract) 1108 
~Ashbel Smith,Wm. Henry Daingerfield, July 6, 1843 1109 
~Ashbel Smith,Wm. Henry Daingerfield, July 11, 1843 1110 
~Ashbel Smith,Wm. Henry Daingerfield, July 17, 1843 1111 
~Aahbel Smith,Anson Jones, July 21, 1843 1111 
~Charles Elliot,Anson Jones, July 24, 1843 1112 
~Anson Jones,Charles Elliot, July 30, 1843 1114 
~Ashbel Smith,Anson Jones, July 31, 1843 1116 
~Charles Elliot,Anson Jones, August 17, 1843 1120 
~Anson Jones,Ashbel Smith, August 20, 1843 1121 
~Ashbel Smith,Anson Jones, August 22, 1843 1122 
~Baron de Cetto,Ashbel Smith, August 15, 1843 1122 
~Ashbel Smith,Baron de Cetto, August 21, 1843 1123 
~Charles Elliot,Anson Jones, August 28, 1843 1123 
~Anson Jones,Charles Elliot, September 4, 1843 1124 
~Anson Jones,Charles Elliot, September 4, 1843 1125 
~Charles Elliot,Anson Jones, September 15, 1843 1127 
~Anson Jones,Charles Elliot, September 16, 1843 1128 
~Anson Jones,Charles Elliot, September 19, 1843 1129 
~Ashbel Smith,Anson Jones, September 20, 1843 1137 
~Ashbel Smith,Lord Aberdeen, August 10, 1843 1138 
~Charles Elliot,Anson Jones, September 28, 1843 1139 
~Anson Jones,Ashbel Smith, September 30, 1843 1140 
~Charles Elliot,Anson Jones, October 28, 1843 1142 
~Charles Elliot,Anson Jones, November 15, 1843 1143 
~Ashbel Smith,Anson Jones, November 29, 1843 1144 
~Edwaid Everett,Ashbel Smith, October 24, 1843 1144 
~Ashbel Smith,Edward Everett, October 31, 1843 1145 
~Charles Elliot,Anson Jones, January 4, 1844 1147 
~Anson Jones,Charles Elliot, February 16, 1844 1148 
~Anson Jones,Charles Elliot, February 19, 1844 1149 
~Charles Elliot,Anson Jones, March 22, 1844 1150 
~Charles Elliot,Anson Jones, March 22, 1844 1151 
~Ashbel Smith,Anson Jones, June 18, 1844 1152 
~Ashbel Smith,Anson Jones, June 24, 1844 1153 
~Anson Jones,Ashbel Smith, July 14, 1844 1156 
~Ashbel Smith,Anson Jones, July 31, 1844 1158 
~Holford &amp; Co. to Ashbel Smith, undated 1159 
~Holford &amp; Co. to Ashbel Smith, July 21, 1842 1160 
~Anson Jones,Ashbel Smith, August 1, 1844 1160 
~Ashbel Smith,Anson Jones, September 27, 1844 1162 
~Ashbel Smith,Anson Jones, October 4, 1844 1164 
~William Kennedy,Anson Jones, October 21, 1844 1165 
~Anson Jones,G. W. Terrell, October 29, 1844 1166 
~Anson Jones,William Kennedy, October 30, 1844 1167 
~William Kennedy,Anson Jones, November 8, 1844 1168 
~John Hall,William Kennedy, November 13, 1844 1168 
~Ebenezer Allen,William Kennedy, December 23, 1844 1169 
~G. W. Terrell,Ashbel Smith, January 21, 1845 1170 
~G. W. Terrell,Wm. Henry Daingerfield, January 21, 1845 1173 
~G. W. Terrell,Ashbel Smith, January 27, 1845 1175 
~G. W. Terrell,Ashbel Smith, February 13, 1845 1177 
~Charles Elliot,Ashbel Smith, February 27, 1845 1181 
~G. W. Terrell,Wm. Henry Daingertield, March 22, 1845 1183 
~G. W. Terrell,Ashbel Smith, May 3, 1845 1185 
~G. W. Terrell,Lord Clarendon, May 5, 1845 1186 
~G. W.Terrell,Ashbel Smith, May 9, 1845 1190 
~Ebenezer Allen,Ashbel Smith, May 10, 1845 1193 
~Ashbel Smith,Ebenezer Allen, May 17, 1845 1196 
~Ashbel Smith,Secretary of State [Allen], June 3, 1845 1198 
~Ebenezer Allen,Ashbel Smith, July 2, 1845 1199 
~Ebenezer Allen,Charles Elliot, July 10, 1845 1201 
~Charles Elliot,Ebenezer Allen, January 4, 1846 1203 
~Lord Aberdeen,Charles Elliot, December 3, 1845 1203 
~Ebenezer Allen,Charles Elliot, February 4, 1846 1204 
~J. Pinckney Henderson,R. A. Irion, June 2, 1838 1206 
~J. Pinckney Henderson,Count Mol^, April 28, 1838 1206 
~J. Pinckney Henderson,Count Mol^, May 26, 1838 1306 
~Count Mol6,J. Pinckney Henderson, May 29, 1838 1207 
~J. Pinckney Henderson,Count Mol6, June 1, 1838 1208 
~R. A. Irion,J. Pinckney Henderson, August 7, 1838 1217 
~R. A. Irion,J. Pinckney Henderson, September 7, 1838 1219 
~J. Pinckney Henderson,R. A. Irion, October 5; 1838 1220 
~J. Pinckney Henderson,Count Mol^, August 16, 1838 1220 
~J. Pinckney Henderson,Count Mol6, September 26, 1838 1221 
~Count Mol6,J. Pinckney Henderson, September 30, 1838 1222 
~J. Pinckney Henderson,Count Mol^, October 1, 1838 1224 
~J. Pinckney Henderson,Secretary of State [Irion], October 28, 1838 1227 
~J. Pinckney Henderson,R. A. Irion, October 28, 1838 (extract) 1230 
~J. Pinckney Henderson,Mirabeau B. Lamar, October 28, 1838 1230 
~J. Pickney Henderson,Secretary of State [Irion], November 12, 1838 1233 
~Count Mol6,J. Pinckney Henderson, November 2, 1838 1234 
~J. Pinckney Henderson,Count Mol6, November 7, 1838 1234 
~J. Pinckney Henderson,Count Mol6, November 12, 1838 1236 
~J. Pinckney Henderson,Secretary of State [Irion], November 23, 1838. 1238 
~J. Pinckney Henderson,Secretary of State [Bee], January 26, 1839 
~J. Pinckney Henderson,Mirabeau B. Lamar, February 26, 1839 1240 
~J. Pinckney Henderson,Barnard E. Bee, February 27, 1839 1241 
~J. Pinckney Henderson,Barnard E. Bee, March 10, 1839 1243 
~Abb6 Anduz6,Mirabeau B. Lamar, April 18, 1839 1244 
~James Webb,Abb6 Anduz6, April 25, 1839 1245 
~James Webb,Admiral Baudin, April 25, 1839 1246 
~J. Pinckney Henderson,James Webb, April 28, 1839 (extract) 1247 
~J. Pinckney Henderson,James Webb, April 28, 1839 1249 
~J. Pinckney Henderson,James Webb, May 14, 1839 1250 
~J. Pinckney Henderson,Secretary of State [Burnet], June 13, 1839 1252 
~Hamilton and Burnley,Mirabeau B. Lamar, June 22, 1839 1254 
~James Hamilton,David G. Burnet, June 22, 1839 1255 
~J. Pinckney Henderson,Secretary of State, July 26, 1839 1256 
~J. Pinckney Henderson,Secretary of State, July 26, 1839 1264 
~J. Pinckney Henderson,Secretary of State [Burnet], August 5, 1839 1265 
~Lewis Cass,J. Pinckney Henderson, August 3, 1839 1265 
~David G. Burnet,James Hamilton, August 10, 1839 1268 
~J. Pinckney Henderson,David G. Burnet, August 20, 1839 1268 
~J. Pinckney Henderson,Secretary of State [Burnet], October 16, 1839. . 1271 
~Abner S. Lipscomb,James Hamilton, February 24, 1840 (extract) 1276 
~A. de Saligny,Abner S. Lipscomb, March 6, 1840 1277 
~James Hamilton,Mirabeau B. Lamar, March 24, 1840 1278 
~A. T. Burnley,Mirabeau B. Lamar, January 30, 1841 1280 
~James Hamilton,Abner S. Lipscomb, February 1, 1841 1282 
~James Hamilton,M. Guizot, January 21, 1841 1285 
~James Hamilton,Abner S. Lipscomb, February 7, 1841 1287 
~James Hamilton,Henry Castro, February 11, 1841 1288 
~A. de Saligny,Secretary of State [Mayfield], February 19, 1841 1289 
~James S. Mayfield,A. de Saligny, February 20, 1841 1290 
~A. de Saligny,James S. Mayfield, February 21, 1841 1292 
~James S. Mayfield,A. de Saligny, February 22, 1841 1294 
~Henry J. Jewett,James S. Mayfield, February 22, 1841 1295 
~A. de Saligny,James S. Mayfield, February 23, 1841 1296 
~James S. Mayfield,A. de Saligny, February 23, 1841 1297 
~A. de Saligny,James S. Mayfield, February 24, 1841 1298 
~James S. Mayfield,A. de Saligny, February 25, 1841 1300 
~A. de Saligny,James S. Mayfield, February 28, 1841 1301 
~James Hamilton,Abner S. Lipscomb, March 3, 1841 1302 
~James S. Mayfield,A. de Saligny, March 15, 1841 1302 
~A . de Saligny,James S. Mayfield , March 21 , 1841 1303 
~A. de Saligny,James S. Mayfield, March 25, 1841 1306 
~James S. Mayfield,A. de Saligny, March 29, 1841 1308 
~A. de Saligny,James S. Mayfield, March 31, 1841 1316 
~James S. Mayfield,Thos. Gales Forster, April 3, 1841 1317 
~James S. Mayfield,Wm. Henry Daingerfield, April 3, 1841 1317 
~James S. Mayfield,A. de Saligny, April 5, 1841 1318 
~James S. Mayfield,Geo. S. Mcintosh, April 8, 1841 1321 
~James S. Mayfield,Henry J. Jewett, April 25, 1841 1322 
~James S. Mayfield,Geo. S. Mcintosh, May 12, 1841 1323 
~Wm. Sevey,James S. Mayfield, March 29, 1841 1329 
~James H. Starr,Wm. Sevey, August 4, 1840 1329 
~Thos. Gales Forster,James S. Mayfield, April 4, 1841 1330 
~Henry J. Jewett,James S. Mayfield, February 24, 1841 1331 
~Information given by Henry J. Jewett,A. Hutchinson, February 22, 
~James S. Mayfield,Henry J. Jewett, February 20, 1841 1332 
~A. Hutchinson,James S. Mayfield, February 23, 1841 1335 
~James Hamilton,Mirabeau B. Laniar, May 17, 1841 1336 
~Nathaniel Amory,James Hamilton, May 15, 1841 1338 
~Nathaniel Amory,Geo. S. Mcintosh, May 30, 1841 1339 
~Nathaniel Amory,James Hamilton, May 30, 1841 1339 
~James Hamilton,James S. Mayfield, July 16, 1841 1340 
~James Hamilton,M. Guizot, July 12, 1841 1341 
~James Hamilton,James S. Mayfield, July 22, 1841 1343 
~James Hamilton,M. Guizot, July 21, 1841 1343 
~Geo. S. Mcintosh,Secretary of State [Roberts], September 8, 1841 1344 
~Geo. S. Mcintosh,M. Guizot, July 4, 1841 1344 
~Geo. S. Mcintosh,M. Guizot, August 12, 1841 1348 
~M. Guizot,Geo. S. Mcintosh, August 18, 1841 1349 
~Geo. S. Mcintosh,M. Guizot, September 3, 1841 1350 
~Samuel A. Roberts,Geo. S. Mcintosh, September 26, 1841 1352 
~Geo. S. Mcintosh,James S. Mayfield, November 15, 1841 1353 
~A. de Saligny,Anson Jones, January 16, 1842 1353 
~Anson Jones,George S. Mcintosh, January 20, 1842 1354 
~Anson Jones,Ashbel Smith, February 5, 1842 1356 
~Anson Jones,A. de Saligny, March 2, 1842 1357 
~Ashbel Smith,Anson Jones, March 15, 1842 1358 
~Ashbel Smith,Anson Jones, March 16, 1842 1359 
~A. de Saligny,Anson Jones, April 29, 1842 1362 
~Alleye de Cyprey,A. de Saligny, December 30, 1840 1363 
~A. Gloux,Alleye de Cyprey, December 19, 1840 1364 
~Declaration of Wyse as,goods shipped on Santa Maria, October 28, 1840. 1365 
~Wm. Henry Daingerfield,Secretary of State [Jones], May 17, 1842 1366 
~A. de Saligny,Sam Houston, June 6, 1842 1368 
~Memorandum relative,Saligny 's investments in Texan bonds 1368 
~A. de Saligny,Anson Jones, June 7, 1842 1370 
~Sam Houston,A. de Saligny, June 8, 1842 1370 
~Anson Jones,A. de Saligny, June 8, 1842 1371 
~A. de Saligny,Anson Jones, June 20, 1842 1372 
~Ashbel Smith,Geo. S. Mcintosh, May 12, 1842 1374 
~Ashbel Smith,Theodore Barbey, May 13, 1842 1374 
~Geo. S. Mcintosh,Ashbel Smith, May 18, 1842 1375 
~Henry Castro,Ashbel Smith, May 23, 1842 1375 
~Ashbel Smith,Geo. S. Mcintosh, June 1, 1842 1376 
~Henry Castro,Ashbel Smith, June 4, 1842 (extract) 1377 
~Henry Castro,Ashbel Smith, June 12, 1842 1377 
~Henry Castro,Ashbel Smith, June 15, 1842 1377 
~Theodore Barbey,Ashbel Smith, June 28, 1842 1379 
~Henry Castro,Ashbel Smith, June 28, 1842 1380 
~Geo. S. Mcintosh,Ashbel Smith, June 29, 1842 1380 
~Ashbel Smith,Theodore Barbey, June 30, 1842 1381 
~Sam Houston,Ashbel Smith, July 15, 1842 1381 
~Ashbel Smith,Anson Jones, August 1, 1842 1382 
~Ashbel Smith,Anson Jones, August 15, 1842 1383 
~Ashbel Smith,Anson Jones, August 31, 1842 1385 
~Ashbel Smith,M. Guizot, August 15, 1842 1387 
~Ashbel Smith,Anson Jones, October 21, 1842 1389 
~Ashbel Smith,Anson Jones, October 31, 1842 1390 
~Aflbbel Smith,Anaon Jones, November 2, 1842 1392 
~Ashbel Smith,Anson Jones, November 11, 1842 1393 
~Ashbel Smith,Anson Jones, November 12, 1842 1394 
~Ashbel Smith,Anson Jones, November 13, 1842 1395 
~M. Guizot,Ashbel Smith, August 22, 1842 1397 
~Ashbel Smith,M. Guisot, November 4, 1842 1397 
~M. Guizot,Ashbel Smith, November 8, 1842 1398 
~Ashbel Smith,M. Guizot, November 10, 1842 1399 
~Ashbel Smith,Anson Jones, November 30, 1842 1399 
~G. W. Terrell,Ashbel Smith, December 10, 1842 1403 
~Anson Jones,Ashbel.Smith, December 23, 1842 1405 
~Anson Jones,Ashbel Smith, December 26, 1842 1407 
~Anson Jones,Al. Bourgeois, December 26, 1842 1410 
~Ashbel Smith,Anson Jones, December 30, 1842 1410 
~Ashbel Smith,Anson Jones, January 11, 1843 1412 
~Viscount J. de Cramayel,Anson Jones, January 16, 1843 1413 
~Ashbel Smith,Anson Jones, January 28, 1843 1415 
~Viscount J. de Cramayel,Anson Jones, January 28, 1843 1417 
~Anson Jones,Viscount J. de Cramayel, February 9, 1843 1418 
~Anson Jones,Viscount J. de Cramayel, February 22, 1843 1421 
~Secretary of State [Jones] to Ashbel Smith, February 26, 1843 1422 
~Viscount J. de Cramayel,Anson Jones, March — , 1843 1424 
~Ashbel Smith,Anson Jones, March 31, 1843 1427 
~Ashbel Smith,Anson Jones, April 11, 1843 1431 
~Ashbel Smith,M. Guizot, February 19, 1843 1433 
~M. Guizot,Ashbel Smith, February 28, 1843 1434 
~Ashbel Smith,M. Guizot, March 6, 1843 1434 
~Ashbel Smith,M. Guizot, March 30, 1843 1435 
~M. Guizot,Ashbel Smith, April 8, 1843 1436 
~Ashbel Smith,M. Guizot, April [4], 1843 1437 
~Ashbel Smith,Anson Jones, April 15, 1843 1438 
~Ashbel Smith,Anson Jones, April 27, 1843 1441 
~M. Guizot,Ashbel Smithy undated i 1442 
~Ashbel Smith,M. Guizot, April 25, 1843 1443 
~Henry Castro,Ashbel Smith, March 5, 1843 1444 
~Ashbel Smith,Henry Castro, March 23, 1843 1444 
~Sam Houston,Viscount J. de Cramayel, May 6, 1843 1445 
~Anson Jones,Viscount J. de Cramayel, May 17, 1843 14l5 
~Viscount J. de Cramayel,Anson Jones, June 10, 1843 1447 
~Wm. Henry Daingerfield,Ashbel Smith, June 12, 1843 1448 
~Anson Jones,Viscoimt J. de Cramayel, June 15, 1843 1448 
~Ashbel Smith,Anson Jones, June 16, 1843 1449 
~M. Guizot,Ashbel Smith, April 28, 1843 1450 
~M. Guizot,Ashbel Smith, May 8, 1843 1451 
~Wm. Henry Daingerfield,Ashbel Smith, June 17, 1843 1451 
~Anson Jones,Ashbel Smith, June 21, 1843 1452 
~James Hamilton,Anson Jones, June 27, 1843 1453 
~A. Somervell,M. C. Hamilton, June 27, 1843 1455 
~Wm. Henry Daingerfield,Anson Jones, June 28, 1843 1456 
~Viscount J. de Cramayel,Anson Jones, July 20, 1843 1458 
~Wm. Henry Daingerfield,Secretary of State Jones, July 31, 1843 1458 
~Ashbel Smith,Anson Jones, August 15, 1843 1460 
~Ashbel Smith,M. Guizot, August 23, 1843 1461 
~Asbbel Smith,Anson Jones, September 19, 1843 1462 
~Viscount J. de Cramayel,Anson Jones, September 30, 1843 1464 
~Sam Houston,Anson Jones, October 6, 1843 .: 1467 
~Ashbel Smith,Anson Jones, October 14, 1843 1467 
~Al. Bourgeois,Ashbel Smith, October 8, 1843 1468 
~Charles de Castell,Al. Bourgeois, September 26, 1843 1469 
~Ashbel Smith,Al. Bourgeois, October 3, 1843 1470 
~Anson Jones,Viscount J. de Cramayel, October 20, 1843 1471 
~Ashbel Smith,Anson Jones, October 30, 1843 1472 
~Wm. Henry Daingerfield,Ashbel Smith, November 8, 1843 1474 
~Ashbel Smith,Anson Jones, December 30, 1843 1476 
~Ashbel Smith,Anson Jones, January 29, 1844 1478 
~Ashbel Smith,Anson Jones, February 26, 1844 1479 
~•Anson Jones,Ashbel Smith, March 26, 1844 1482 
~Ashbel Smith,Anson Jones, May 6, 1844 1483 
~Ashbel Smith,Anson Jones, June 2, 1844 1485 
~Ashbel Smith,Anson Jones, August 13, 1844 1488 
~Ashbel Smith,Anson Jones, October 16, 1844 1489 
~Ashbel Smith,Anson Jones, November 13, 1844 1490 
~M. Guizot,Anson Jones, December 4, 1844 1492 
~A. de Saligny,Ashbel Smith, March 4, 1845 1492 
~Ashbel Smith,A. de Saligny, March 13, 1845 1493 
~G. W. Terrell,Ashbel Smith, March 18, 1845 1494 
~Terrell's address,the King of France, undated 1496 
~Reply of the King of France,Terrell's address, undated 1497 
~G . W. TerreU,M. Guizot, March 15, 1845 1498 
~Ashbel Smith,A. de Saligny, March 21, 1845 1503 
~A. de Saligny,Ebenezer Allen, January 14, 1846 1504 
~Ebenezer Allen,A. de Saligny, February 10, 1846 1505 
~Ashbel Smith,Washington Irving, September 7, 1842 1507 
~Ashbel Smith,Anson Jones, September 8, 1842 1508 
~Ashbel Smith,General Sancho, September 7, 1842 1512 
~Anson Jones,Ashbel Smith, February 16, 1843 1514 
~Ashbel Smith,Martinez de La Rosa, February, 1844 1516 
~Wm. Henry Daingerfield,Lachlin M. Rate, January 26, 1845 1519 
~Wm. Hienry Daingerfield,Baron Roenne, January 27, 1845 1520 
~Wm. Henry Daingerfield,G. W. Terrell, February 5, 1845 1521 
~James Hamilton,Abner S. Lipscomb, September 10, 1840 1524 
~James Hamilton,Abner S. Lipscomb, January 4, 1841 1525 
~James Hamilton,Secretary of State [Roberts], November 3, 1841 1527 
~Anson Jones,Victor Pirson, March 4, 1842 1528 
~Wm. Henry Daingerfield,Anson Jones, May 16, 1843 1529 
~Wm. Henry Daingerfield,Count d' Alviella, December 14, 1843 1530 
~James Hamilton,Abner S. Lipscomb, July 3, 1840 1531 
~Abner S. Lipscomb,James Hamilton, September 15, 1840 1532 
~James Hamilton,Abner S. Lipscomb, October 3, 1840 1532 
~Anson Jones,Wm. Henry Daingerfield, March 26, 1842 1533 
~Anson Jones,James Hamilton, June 4, 1842 1534 
~Anson Jones,Wm. Henry Daingerfield, January 20, 1843 1534 
~Wm. Henry Daingerfield,Anson Jones, November 12, 1843 1537 
~Henry Castro,Anson Jones, October 25, 1843 1540 
~Anson Jones,Wm. Henry Daingerfield, July 14, 1844 1542 
~Wm. Henry Daingerfield,Lachlin M. Rate, December 12, 1844 1543 
~Wm. Henry Daingerfield,Anson Jones, February 3, 1843 1545 
~Anson Jones,Wm. Henry Daingerfield, February 20, 1843 1546 
~Wm. Henry Daingerfield,Anson Jones, September 25, 1843 1548 
~Wm. Henry Daingerfield,V. Rumpff, January 5, 1844 1553 
~Wm. Henry Daingerfield,Ashbel Smith, February 14, 1844 1554 
~Wm. Henry Daingerfield,V. Rumpff, March 17, 1844 1555 
~Wm. Henry Daingerfield,V. Rumpff, March 27, 1844 1556 
~Wm. Henry Daingerfield,Anson Jones, April 20, 1844 1557 
~Wm. Henry Daingerfield,Anson Jones, April 22, 1844 1569 
~Wm. Henry Daingerfield,Anson Jones, July 28, 1844 1570 
~Wm. Henry Daingerfield,Senator Gildmeister, December 21, 1844 1573 
~R. Sieveking,Wm. Henry Daingerfield, January 13, 1845 1574 
~Wm. Henry Daingerfield,G. W. Terrell, January 14, 1845 1574 
~Ashbel Smith,Wm. Henry Daingerfield, February 13, 1845 1576 
~Wm. Henry Daingerfield,Ebenezer Allen, July 1, 1845 1577 
~Wm. Henry Daingerfield,Ashbel Smith, July 1, 1845 1579 
~Wm. Henry Daingerfield,R. Sieveking, October 1, 1845 1582 
~Wm. Henry Daingerfield,Ebenezer Allen, February 2, 1846 1582 
